Model,R-squared,Mean Absolute Error
dt_test,0.9678773044060036,0.2476586227366391
rf_test,0.9764541633935682,0.19813008690685058
gbr_test,0.9812878629786855,0.11879518164584123
xgb_test,0.9785163685626035,0.1342902118264325
tuned_xgb_test,0.9809275851040976,0.11971336849461665
ann_test,0.9736761375768498,0.2192306051702855
